{"train_accuracy": [0.63405, 0.755425, 0.781525, 0.79795, 0.8074, 0.816325, 0.820825, 0.822475, 0.82755, 0.83115, 0.833625, 0.83825, 0.84185, 0.84125, 0.844925], "eval_accuracy": [0.74965, 0.7984, 0.8134, 0.82215, 0.8232, 0.83515, 0.8382, 0.84175, 0.8459, 0.8469, 0.8506, 0.85245, 0.8519, 0.8549, 0.85565]}