{"train_accuracy": [0.42475, 0.5025, 0.54655, 0.59115, 0.6088, 0.621975, 0.637775, 0.66095, 0.7038, 0.729775, 0.7377, 0.749375, 0.75995, 0.760525, 0.7639], "eval_accuracy": [0.4955, 0.51915, 0.59385, 0.60485, 0.6197, 0.64475, 0.6551, 0.6822, 0.71525, 0.7404, 0.753, 0.75835, 0.76075, 0.75795, 0.767]}