{"train_accuracy": [0.47725, 0.530425, 0.56495, 0.575875, 0.6048, 0.68895, 0.695525, 0.700475, 0.70525, 0.70795, 0.71275, 0.71135, 0.71655, 0.71775, 0.717175], "eval_accuracy": [0.5639, 0.60645, 0.6199, 0.64375, 0.71625, 0.7496, 0.7582, 0.76305, 0.76615, 0.7719, 0.776, 0.77485, 0.771, 0.77615, 0.7752]}