{"train_accuracy": [0.599125, 0.7312, 0.764775, 0.785275, 0.7985, 0.80705, 0.81265, 0.816975, 0.82175, 0.82545, 0.828375, 0.830875, 0.833, 0.8354, 0.8379], "eval_accuracy": [0.6996, 0.76495, 0.7835, 0.80235, 0.8086, 0.81495, 0.8216, 0.8189, 0.8291, 0.8337, 0.83585, 0.8372, 0.83845, 0.84225, 0.84485]}