{"train_accuracy": [0.6152, 0.7371, 0.771275, 0.791, 0.80235, 0.8099, 0.8165, 0.8213, 0.8251, 0.827175, 0.830675, 0.834, 0.835075, 0.835925, 0.839425], "eval_accuracy": [0.7167, 0.7635, 0.7896, 0.8024, 0.81205, 0.82105, 0.828, 0.8278, 0.8296, 0.8357, 0.83935, 0.8403, 0.84265, 0.8441, 0.84395]}