{"train_accuracy": [0.425325, 0.640325, 0.6805, 0.7007, 0.714675, 0.72385, 0.733025, 0.739175, 0.743525, 0.748975, 0.753575, 0.75785, 0.7613, 0.764375, 0.767825], "eval_accuracy": [0.5988, 0.66825, 0.6952, 0.70805, 0.72065, 0.73435, 0.73815, 0.7455, 0.75005, 0.7584, 0.76145, 0.76425, 0.76965, 0.7736, 0.7757]}