{"train_accuracy": [0.623625, 0.746175, 0.77605, 0.79145, 0.801725, 0.808625, 0.814275, 0.819675, 0.823125, 0.8271, 0.829025, 0.831275, 0.833175, 0.83585, 0.8377], "eval_accuracy": [0.72655, 0.7718, 0.78895, 0.8031, 0.81215, 0.81775, 0.82335, 0.8257, 0.83075, 0.83095, 0.837, 0.837, 0.838, 0.84035, 0.8432]}